<?xml version="1.0" encoding="UTF-8" standalone="no" ?>
<?xml-stylesheet href="rptstyle.xsl" type="text/xsl" ?>
<doc>
<title>I/O Register Combining Report</title>
<text>Microsemi Corporation - Microsemi Libero Software Release v11.9 SP2 (Version 11.9.2.1)</text>
<text>Date: Sun Jun 23 15:20:21 2019
</text>
<section><name>I/O Register Combining Summary</name></section>
<table>
<header>
</header>
</table>
<section><name>I/O DDR Register Combining Summary</name></section>
<table>
<header>
</header>
</table>
</doc>
