<?xml version="1.0" encoding="utf-8"?> 
<!-- 
  Synopsys, Inc.
  Version L-2016.09M-SP1-5
  Project file C:\Work\UMSATS\TSAT5\external_rtc_integration\cdh-tsat5\cdh-tsat5-libero\synthesis\syntmp\run_option.xml
  Written on Thu Apr 18 15:27:09 2019


--> 
<project_attribute_list name="Project Settings"> 
     <option name="project_name" display_name="Project Name">cdh_tsat5_system_syn</option>
     <option name="device_name" display_name="Device Name">synthesis: Microsemi SmartFusion2 : M2S010</option>
     <option name="impl_name" display_name="Implementation Name">synthesis</option>
     <option name="top_module" display_name="Top Module">cdh_tsat5_system</option>
     <option name="retiming" display_name="Retiming">0</option>
     <option name="resource_sharing" display_name="Resource Sharing">1</option>
     <option name="maxfan" display_name="Fanout Guide">10000</option>
     <option name="disable_io_insertion" display_name="Disable I/O Insertion">0</option>
     <option name="no_sequential_opt" display_name="Disable Sequential Optimizations">0</option>
     <option name="symbolic_fsm_compiler" display_name="FSM Compiler">1</option>
</project_attribute_list>

